,image_name,pointRate_col,label_x,label_y
0,V0196.jpg,0.9265927977839336,1338.62,894.12
1,V0086.jpg,0.9286703601108033,1341.18,725.54
2,V0250.jpg,0.9259002770083102,1337.09,738.36
3,P0149.jpg,0.917590027700831,1325.85,768.97
4,V0214.jpg,0.9162049861495845,1323.29,779.24
5,P0143.jpg,0.9037396121883656,1305.41,689.75
6,V0305.jpg,0.9009695290858726,1301.24,709.9
