,image_name,pointRate_col,label_x,label_y
0,V0198.jpg,0.7274011299435028,1545.12,904.08
1,V0080.jpg,0.7970914127423823,1151.34,805.65
2,P0180.jpg,0.7024482109227872,1492.15,1121.11
3,V0237.jpg,0.7434086629001884,1579.64,944.66
4,V0376.jpg,0.7763157894736842,1121.48,656.61
5,V0361.jpg,0.7465373961218836,1078.05,804.73
6,V0120.jpg,0.7476459510357816,1588.17,991.4
7,V0364.jpg,0.7735457063711911,1117.31,931.85
8,V0390.jpg,0.7957063711911357,1149.58,804.76
